[{"title": "TITTY MOUSE AND TATTY MOUSE", "positive": 5, "negative": 31, "wc_pn": 36, "positive_score": 13.89, "negative_score": 86.11, "sentiment_score": -72.22, "total_wc": 753}, {"title": "MASTER OF ALL MASTERS", "positive": 5, "negative": 1, "wc_pn": 6, "positive_score": 83.33, "negative_score": 16.67, "sentiment_score": 66.67, "total_wc": 293}, {"title": "FAIRY OINTMENT", "positive": 23, "negative": 17, "wc_pn": 40, "positive_score": 57.5, "negative_score": 42.5, "sentiment_score": 15.0, "total_wc": 804}, {"title": "THE RED ETTIN", "positive": 37, "negative": 36, "wc_pn": 73, "positive_score": 50.68, "negative_score": 49.32, "sentiment_score": 1.37, "total_wc": 1680}, {"title": "EARL MAR'S DAUGHTER", "positive": 30, "negative": 14, "wc_pn": 44, "positive_score": 68.18, "negative_score": 31.82, "sentiment_score": 36.36, "total_wc": 1089}, {"title": "THE CAULD LAD OF HILTON", "positive": 8, "negative": 10, "wc_pn": 18, "positive_score": 44.44, "negative_score": 55.56, "sentiment_score": -11.11, "total_wc": 428}, {"title": "THE MAGPIE'S NEST", "positive": 7, "negative": 10, "wc_pn": 17, "positive_score": 41.18, "negative_score": 58.82, "sentiment_score": -17.65, "total_wc": 409}, {"title": "JACK HANNAFORD", "positive": 13, "negative": 13, "wc_pn": 26, "positive_score": 50.0, "negative_score": 50.0, "sentiment_score": 0.0, "total_wc": 679}, {"title": "CHILDE ROWLAND", "positive": 40, "negative": 51, "wc_pn": 91, "positive_score": 43.96, "negative_score": 56.04, "sentiment_score": -12.09, "total_wc": 1875}, {"title": "JACK AND HIS GOLDEN SNUFF-BOX", "positive": 96, "negative": 56, "wc_pn": 152, "positive_score": 63.16, "negative_score": 36.84, "sentiment_score": 26.32, "total_wc": 3550}, {"title": "THE ROSE-TREE", "positive": 24, "negative": 22, "wc_pn": 46, "positive_score": 52.17, "negative_score": 47.83, "sentiment_score": 4.35, "total_wc": 955}, {"title": "CAP O' RUSHES", "positive": 50, "negative": 14, "wc_pn": 64, "positive_score": 78.12, "negative_score": 21.88, "sentiment_score": 56.25, "total_wc": 1358}, {"title": "HOW JACK WENT TO SEEK HIS FORTUNE", "positive": 5, "negative": 14, "wc_pn": 19, "positive_score": 26.32, "negative_score": 73.68, "sentiment_score": -47.37, "total_wc": 639}, {"title": "THE ASS, THE TABLE, AND THE STICK", "positive": 25, "negative": 22, "wc_pn": 47, "positive_score": 53.19, "negative_score": 46.81, "sentiment_score": 6.38, "total_wc": 1188}, {"title": "WHITTINGTON AND HIS CAT", "positive": 113, "negative": 119, "wc_pn": 232, "positive_score": 48.71, "negative_score": 51.29, "sentiment_score": -2.59, "total_wc": 3200}, {"title": "THE FISH AND THE RING", "positive": 27, "negative": 16, "wc_pn": 43, "positive_score": 62.79, "negative_score": 37.21, "sentiment_score": 25.58, "total_wc": 1188}, {"title": "LAZY JACK", "positive": 15, "negative": 24, "wc_pn": 39, "positive_score": 38.46, "negative_score": 61.54, "sentiment_score": -23.08, "total_wc": 701}, {"title": "THE LAIDLY WORM OF SPINDLESTON HEUGH", "positive": 25, "negative": 31, "wc_pn": 56, "positive_score": 44.64, "negative_score": 55.36, "sentiment_score": -10.71, "total_wc": 1278}, {"title": "THE HISTORY OF TOM THUMB", "positive": 45, "negative": 74, "wc_pn": 119, "positive_score": 37.82, "negative_score": 62.18, "sentiment_score": -24.37, "total_wc": 1873}, {"title": "THE OLD WOMAN AND HER PIG", "positive": 1, "negative": 44, "wc_pn": 45, "positive_score": 2.22, "negative_score": 97.78, "sentiment_score": -95.56, "total_wc": 687}, {"title": "MOLLY WHUPPIE", "positive": 25, "negative": 31, "wc_pn": 56, "positive_score": 44.64, "negative_score": 55.36, "sentiment_score": -10.71, "total_wc": 1389}, {"title": "MR. VINEGAR", "positive": 39, "negative": 30, "wc_pn": 69, "positive_score": 56.52, "negative_score": 43.48, "sentiment_score": 13.04, "total_wc": 1115}, {"title": "THE CAT AND THE MOUSE", "positive": 0, "negative": 8, "wc_pn": 8, "positive_score": 0.0, "negative_score": 100.0, "sentiment_score": -100.0, "total_wc": 389}, {"title": "THE WELL OF THE WORLD'S END", "positive": 40, "negative": 17, "wc_pn": 57, "positive_score": 70.18, "negative_score": 29.82, "sentiment_score": 40.35, "total_wc": 1110}, {"title": "THE STORY OF THE THREE LITTLE PIGS", "positive": 18, "negative": 50, "wc_pn": 68, "positive_score": 26.47, "negative_score": 73.53, "sentiment_score": -47.06, "total_wc": 963}, {"title": "KATE CRACKERNUTS", "positive": 26, "negative": 23, "wc_pn": 49, "positive_score": 53.06, "negative_score": 46.94, "sentiment_score": 6.12, "total_wc": 1219}, {"title": "JACK THE GIANT-KILLER", "positive": 109, "negative": 147, "wc_pn": 256, "positive_score": 42.58, "negative_score": 57.42, "sentiment_score": -14.84, "total_wc": 3973}, {"title": "THE STRANGE VISITOR", "positive": 1, "negative": 0, "wc_pn": 1, "positive_score": 100.0, "negative_score": 0.0, "sentiment_score": 100.0, "total_wc": 502}, {"title": "MR. FOX", "positive": 14, "negative": 27, "wc_pn": 41, "positive_score": 34.15, "negative_score": 65.85, "sentiment_score": -31.71, "total_wc": 1031}, {"title": "TEENY-TINY", "positive": 0, "negative": 3, "wc_pn": 3, "positive_score": 0.0, "negative_score": 100.0, "sentiment_score": -100.0, "total_wc": 330}, {"title": "THE THREE SILLIES", "positive": 18, "negative": 32, "wc_pn": 50, "positive_score": 36.0, "negative_score": 64.0, "sentiment_score": -28.0, "total_wc": 1332}, {"title": "TOM TIT TOT", "positive": 44, "negative": 12, "wc_pn": 56, "positive_score": 78.57, "negative_score": 21.43, "sentiment_score": 57.14, "total_wc": 1699}, {"title": "JACK AND THE BEANSTALK", "positive": 71, "negative": 44, "wc_pn": 115, "positive_score": 61.74, "negative_score": 38.26, "sentiment_score": 23.48, "total_wc": 2431}, {"title": "THE STORY OF THE THREE BEARS", "positive": 53, "negative": 39, "wc_pn": 92, "positive_score": 57.61, "negative_score": 42.39, "sentiment_score": 15.22, "total_wc": 1344}, {"title": "BINNORIE", "positive": 34, "negative": 14, "wc_pn": 48, "positive_score": 70.83, "negative_score": 29.17, "sentiment_score": 41.67, "total_wc": 771}, {"title": "JOHNNY-CAKE", "positive": 9, "negative": 4, "wc_pn": 13, "positive_score": 69.23, "negative_score": 30.77, "sentiment_score": 38.46, "total_wc": 828}, {"title": "THE THREE HEADS OF THE WELL", "positive": 55, "negative": 38, "wc_pn": 93, "positive_score": 59.14, "negative_score": 40.86, "sentiment_score": 18.28, "total_wc": 1397}, {"title": "NIX NOUGHT NOTHING", "positive": 44, "negative": 35, "wc_pn": 79, "positive_score": 55.7, "negative_score": 44.3, "sentiment_score": 11.39, "total_wc": 1887}, {"title": "THE MASTER AND HIS PUPIL", "positive": 24, "negative": 21, "wc_pn": 45, "positive_score": 53.33, "negative_score": 46.67, "sentiment_score": 6.67, "total_wc": 781}, {"title": "HENNY-PENNY", "positive": 2, "negative": 11, "wc_pn": 13, "positive_score": 15.38, "negative_score": 84.62, "sentiment_score": -69.23, "total_wc": 668}, {"title": "MR. MIACCA", "positive": 16, "negative": 19, "wc_pn": 35, "positive_score": 45.71, "negative_score": 54.29, "sentiment_score": -8.57, "total_wc": 639}, {"title": "MOUSE AND MOUSER", "positive": 34, "negative": 1, "wc_pn": 35, "positive_score": 97.14, "negative_score": 2.86, "sentiment_score": 94.29, "total_wc": 295}, {"title": "THE GOLDEN ARM", "positive": 16, "negative": 9, "wc_pn": 25, "positive_score": 64.0, "negative_score": 36.0, "sentiment_score": 28.0, "total_wc": 261}]